case_id,inference_time,case_time,preprocessing_time
19_00000,1.7908010482788086,1.7912068367004395,0.0004057884216308594
19_00058,0.19353246688842773,0.20331549644470215,0.009783029556274414
